205,PNJ,1
206,PNJ,2
207,PNJ,3
208,PNJ,4
209,CMG,5
210,CMG,6
211,CMG,7
212,CMG,8
213,CMG,9
214,CMG,10
215,FPT,5
216,FPT,6
217,FPT,7
218,FPT,8
219,FPT,9
220,FPT,10
221,VPB,11
222,VPB,12
223,VPB,13
224,VPB,14
225,VPB,15
226,VPB,16
227,VCB,11
228,VCB,12
229,VCB,13
230,VCB,14
231,VCB,15
232,VCB,16
233,BID,11
234,BID,12
235,BID,13
236,BID,14
237,BID,15
238,BID,16
239,HVN,17
240,HVN,18
241,HVN,19
242,HVN,20
243,HVN,21
244,HVN,22
245,VJC,17
246,VJC,18
247,VJC,19
248,VJC,20
249,VJC,21
250,VJC,22
251,AST,17
252,AST,18
253,AST,19
254,AST,20
255,AST,21
256,AST,22
257,MSN,24
258,MSN,25
259,MSN,26
260,MSN,27
261,MSN,28
262,MSN,29
289,NAF,24
290,NAF,25
291,NAF,26
292,NAF,27
293,NAF,28
294,NAF,29
295,SAB,24
296,SAB,25
297,SAB,26
298,SAB,27
299,SAB,28
300,SAB,29
302,MWG,51
303,MWG,52
304,MWG,53
305,MWG,54
327,GAS,33
328,GAS,34
329,GAS,35
330,GAS,36
331,PLX,33
332,PLX,34
333,PLX,35
334,PLX,36
335,NVL,37
336,NVL,38
337,NVL,39
338,NVL,40
339,NVL,41
340,NVL,42
341,FLC,37
342,FLC,38
343,FLC,39
344,FLC,40
345,FLC,41
346,FLC,42
348,VHM,37
349,VHM,38
350,VHM,39
351,VHM,40
352,VHM,41
353,VHM,42
354,HPG,43
355,HPG,44
356,HPG,45
357,REE,46
358,REE,47
359,REE,48
360,REE,49
361,REE,50
