1,giá vàng
2,valentine
3,kim cương
4,quà cưới
5,mạng 5G
6,trí tuệ nhân tạo
7,IT
8,phần mềm
9,phần cứng
10,viễn thông
11,lãi suất huy động
12,lãi suất tiền gửi
13,lãi suất cho vay
14,tín dụng
15,chính sách tiền tệ
16,nợ xấu
17,du lịch
18,hành khách
19,đường bay nội địa
20,đường bay quốc tế
21,sân bay
22,nhiên liệu
24,bán lẻ
25,thức ăn
26,đồ uống
27,bia rượu
28,hàng hóa thiết yếu
29,siêu thị
33,giá xăng
34,giá dầu
35,dầu mỏ
36,khí đốt
37,bất động sản
38,căn hộ
39,xây dựng
40,khu đô thị
41,cơ sở hạ tầng
42,quỹ đất
43,nguyên liệu
44,thép
45,sắt
46,nhiệt điện
47,thủy điện
48,EVN
49,nhà máy điện
50,dự án điện
51,điện thoại di động
52,laptop
53,đồ điện tử
54,đồ gia dụng
